<zuiprezi>
  <version>3</version>
  <zui-table>
    <settings>
      <autoplay>
        <delay>4000</delay>
      </autoplay>
      <bounds x="-1169768.10469592" y="-181104.4275816562" width="2339536.20939184" height="362212.45881447266"/>
    </settings>
    <object id="13" type="image" x="-116628.1" y="72210.55" r="0" s="6.069215774536133">
      <source w="1167" h="632">
        hoja.JPG
        <url>hoja.JPG</url>
        <mask x="251" y="0" w="841" h="632"/>
      </source>
    </object>
    <object id="23" type="button" x="-134145.35" y="67091.7" r="0" s="24.712766647338867" class="bracket">
      <type>bracket</type>
      <size>
        <w>612.85</w>
        <h>174.9</h>
      </size>
    </object>
    <object id="20" type="image" x="-134067.05" y="67181.4" r="0" s="16.493940353393555">
      <source w="830" h="194">
        LogoSapienter.jpg
        <url>LogoSapienter.jpg</url>
      </source>
    </object>
    <object id="24" type="label" x="-140082.6" y="66379.35" r="0" s="0.7643611431121826" class="head">
      <textfield>
        <x>-86.6</x>
        <y>-28.5</y>
        <text>Unico centradoen el cliente</text>
        <htmlText>
          <P ALIGN="LEFT">
            <FONT FACE="LiberationSerif-Bold" SIZE="24" COLOR="#270066" LETTERSPACING="0" KERNING="0">Unico centrado</FONT>
          </P>
          <P ALIGN="CENTER">
            <FONT FACE="LiberationSerif-Bold" SIZE="24" COLOR="#270066" LETTERSPACING="0" KERNING="0">en el cliente</FONT>
          </P>
        </htmlText>
        <w>173.25</w>
        <h>57</h>
      </textfield>
    </object>
    <object id="25" type="label" x="-138174.7" y="65907" r="0" s="0.7643611431121826" class="body">
      <textfield>
        <x>-184.6</x>
        <y>-16.4</y>
        <text>Acceso seguro  desde cualquier lugar</text>
        <htmlText>
          <P ALIGN="LEFT">
            <FONT FACE="calluna-regular" SIZE="24" COLOR="#FFFFFF" LETTERSPACING="0" KERNING="0">Acceso seguro  desde cualquier lugar</FONT>
          </P>
        </htmlText>
      </textfield>
    </object>
    <object id="26" type="label" x="-137779" y="66383.45" r="0" s="0.7643611431121826" class="body">
      <textfield>
        <x>-165.55</x>
        <y>-16.4</y>
        <text>Fácil de manejar, fácil de instalar</text>
        <htmlText>
          <P ALIGN="LEFT">
            <FONT FACE="calluna-regular" SIZE="24" COLOR="#FFFFFF" LETTERSPACING="0" KERNING="0">Fácil de manejar, fácil de instalar</FONT>
          </P>
        </htmlText>
      </textfield>
    </object>
    <object id="28" type="button" x="-137662.35" y="65904.4" r="0" s="2.2918150424957275" class="bracket">
      <type>bracket</type>
      <size>
        <w>72.05</w>
        <h>40</h>
      </size>
    </object>
    <object id="27" type="label" x="-137662.35" y="65904.4" r="0" s="0.5459792017936707" class="body">
      <textfield>
        <x>-77.2</x>
        <y>-30.8</y>
        <text>Usélo desde su   Smartphone</text>
        <htmlText>
          <P ALIGN="LEFT">
            <FONT FACE="calluna-regular" SIZE="24" COLOR="#FFFFFF" LETTERSPACING="0" KERNING="0">Usélo desde su   Smartphone</FONT>
          </P>
        </htmlText>
        <w>154.45</w>
        <h>61.6</h>
      </textfield>
    </object>
    <object id="29" type="shape" x="-137880.8" y="65909.25" r="0" s="1.007181167602539" class="line1">
      <geom type="arrow">
        <sp>-62.73832948885107 0</sp>
        <ep>62.73832948885107 0</ep>
        <t>8</t>
      </geom>
    </object>
    <object id="32" type="label" x="-126778.9" y="67793.95" r="-90" s="1.5287222862243652" class="head">
      <textfield>
        <x>-83.5</x>
        <y>-15.25</y>
        <text>Quienes somos?</text>
        <htmlText>
          <P ALIGN="LEFT">
            <FONT FACE="LiberationSerif-Bold" SIZE="24" COLOR="#270066" LETTERSPACING="0" KERNING="0">Quienes somos?</FONT>
          </P>
        </htmlText>
      </textfield>
    </object>
    <object id="113" type="button" x="-115277.55" y="70749.95" r="0" s="9.16163444519043">
      <type>invisible</type>
      <size>
        <w>329</w>
        <h>53</h>
      </size>
    </object>
    <object id="35" type="label" x="-115287.15" y="70739.55" r="0" s="16.1152400970459" class="head">
      <textfield>
        <x>-85.85</x>
        <y>-15.25</y>
        <text>Funcionalidades</text>
        <htmlText>
          <P ALIGN="LEFT">
            <FONT FACE="LiberationSerif-Bold" SIZE="24" COLOR="#270066" LETTERSPACING="0" KERNING="0">Funcionalidades</FONT>
          </P>
        </htmlText>
      </textfield>
    </object>
    <object id="45" type="button" x="-117605.95" y="71175.6" r="0" s="4.752046585083008" class="circle">
      <type>circle</type>
      <size>
        <w>349</w>
        <h>349</h>
      </size>
    </object>
    <object id="36" type="button" x="-117605.95" y="71175.6" r="5.50229315458727" s="3.774680101972228" class="circle">
      <type>circle</type>
      <size>
        <w>146.825</w>
        <h>146.825</h>
      </size>
    </object>
    <object id="37" type="label" x="-117593.55" y="71016" r="0" s="2.0554990768432617" class="head">
      <textfield>
        <x>-57.45</x>
        <y>-28.5</y>
        <text>Gestión de personas</text>
        <htmlText>
          <P ALIGN="CENTER">
            <FONT FACE="LiberationSerif-Bold" SIZE="24" COLOR="#270066" LETTERSPACING="0" KERNING="0">Gestión de</FONT>
          </P>
          <P ALIGN="CENTER">
            <FONT FACE="LiberationSerif-Bold" SIZE="24" COLOR="#270066" LETTERSPACING="0" KERNING="0">personas</FONT>
          </P>
        </htmlText>
        <w>114.9</w>
        <h>57</h>
      </textfield>
    </object>
    <object id="77" type="image" x="-117606.05" y="71175.6" r="0" s="0.7286389470100403">
      <source w="362" h="262">
        diferencia2.jpg
        <url>diferencia2.jpg</url>
      </source>
    </object>
    <object id="12" type="label" x="-117623" y="71309.85" r="0" s="1.6597578525543213" class="strong">
      <textfield>
        <x>-64.5</x>
        <y>-15.25</y>
        <text>Diferenciese</text>
        <htmlText>
          <P ALIGN="LEFT">
            <FONT FACE="LiberationSerif-Bold" SIZE="24" COLOR="#FF5D00" LETTERSPACING="0" KERNING="0">Diferenciese</FONT>
          </P>
        </htmlText>
      </textfield>
    </object>
    <object id="14" type="label" x="-117457.55" y="71242.95" r="-18.283797013732215" s="0.9199390474080485" class="strong">
      <textfield>
        <x>-110.75</x>
        <y>-15.25</y>
        <text>Fidelice a sus clientes</text>
        <htmlText>
          <P ALIGN="LEFT">
            <FONT FACE="LiberationSerif-Bold" SIZE="24" COLOR="#FF5D00" LETTERSPACING="0" KERNING="0">Fidelice a sus clientes</FONT>
          </P>
        </htmlText>
      </textfield>
    </object>
    <object id="47" type="button" x="-117605.9" y="70671.9" r="5.502315352643326" s="2.695341383651607" class="circle">
      <type>circle</type>
      <size>
        <w>146.825</w>
        <h>146.825</h>
      </size>
    </object>
    <object id="55" type="button" x="-117536.1" y="70729.5" r="0" s="0.8120991587638855" class="bracket">
      <type>bracket</type>
      <size>
        <w>154</w>
        <h>64</h>
      </size>
    </object>
    <object id="60" type="image" x="-117536.1" y="70729.5" r="0" s="0.22234925627708435">
      <source w="509" h="137">
        tabla-movimientos.JPG
        <url>tabla-movimientos.JPG</url>
      </source>
    </object>
    <object id="52" type="label" x="-117605.95" y="70568.95" r="0" s="1.6597578525543213" class="head">
      <textfield>
        <x>-57.85</x>
        <y>-28.5</y>
        <text>Gestión deprocesos</text>
        <htmlText>
          <P ALIGN="CENTER">
            <FONT FACE="LiberationSerif-Bold" SIZE="24" COLOR="#270066" LETTERSPACING="0" KERNING="0">Gestión de</FONT>
          </P>
          <P ALIGN="CENTER">
            <FONT FACE="LiberationSerif-Bold" SIZE="24" COLOR="#270066" LETTERSPACING="0" KERNING="0">procesos</FONT>
          </P>
        </htmlText>
        <w>115.75</w>
        <h>57</h>
      </textfield>
    </object>
    <object id="53" type="label" x="-117558.65" y="70595.2" r="-90.07396180680023" s="0.037787211877546266" class="head">
      <textfield>
        <x>-139.75</x>
        <y>-15.25</y>
        <text>Judiciales y extrajudiciales</text>
        <htmlText>
          <P ALIGN="LEFT">
            <FONT FACE="LiberationSerif-Bold" SIZE="24" COLOR="#270066" LETTERSPACING="0" KERNING="0">Judiciales y extrajudiciales</FONT>
          </P>
        </htmlText>
      </textfield>
    </object>
    <object id="54" type="label" x="-117605.95" y="70644.9" r="0" s="0.5927579402923584" class="head">
      <textfield>
        <x>-169.05</x>
        <y>-28.5</y>
        <text>Categorización de procesosGestión de gastos del proceso</text>
        <htmlText>
          <P ALIGN="left">
            <LI>
              <FONT FACE="LiberationSerif-Bold" SIZE="24" COLOR="#270066" LETTERSPACING="0" KERNING="0">Categorización de procesos</FONT>
            </LI>
          </P>
          <P ALIGN="left">
            <LI>
              <FONT FACE="LiberationSerif-Bold" SIZE="24" COLOR="#270066" LETTERSPACING="0" KERNING="0">Gestión de gastos del proceso</FONT>
            </LI>
          </P>
        </htmlText>
      </textfield>
    </object>
    <object id="56" type="label" x="-117534.9" y="70705.35" r="0" s="0.2904442250728607" class="strong">
      <textfield>
        <x>-124.4</x>
        <y>-15.25</y>
        <text>Gestión de movimientos</text>
        <htmlText>
          <P ALIGN="LEFT">
            <FONT FACE="LiberationSerif-Bold" SIZE="24" COLOR="#FF5D00" LETTERSPACING="0" KERNING="0">Gestión de movimientos</FONT>
          </P>
        </htmlText>
      </textfield>
    </object>
    <object id="58" type="image" x="-134046.5" y="66908.7" r="0" s="0.06536336243152618">
      <source w="610" h="380">
        grafico3.JPG
        <url>grafico3.JPG</url>
      </source>
    </object>
    <object id="63" type="button" x="-117675.15" y="70724.7" r="42.11251615404125" s="0.5968317951534909" class="roundrect">
      <type>roundrect</type>
      <size>
        <w>172.025</w>
        <h>53</h>
      </size>
    </object>
    <object id="62" type="label" x="-117675.15" y="70724.7" r="42.11315980643304" s="0.28809536677874537" class="head">
      <textfield>
        <x>-114.45</x>
        <y>-28.5</y>
        <text>Historial de procesosy movimientos</text>
        <htmlText>
          <P ALIGN="CENTER">
            <FONT FACE="LiberationSerif-Bold" SIZE="24" COLOR="#270066" LETTERSPACING="0" KERNING="0">Historial de procesos</FONT>
          </P>
          <P ALIGN="CENTER">
            <FONT FACE="LiberationSerif-Bold" SIZE="24" COLOR="#270066" LETTERSPACING="0" KERNING="0">y movimientos</FONT>
          </P>
        </htmlText>
        <w>228.9</w>
        <h>57</h>
      </textfield>
    </object>
    <object id="64" type="button" x="-117098.75" y="71175.6" r="5.502384420508911" s="2.6944597757261253" class="circle">
      <type>circle</type>
      <size>
        <w>146.825</w>
        <h>146.825</h>
      </size>
    </object>
    <object id="65" type="button" x="-117023.65" y="71190.45" r="42.11193858848978" s="0.410282506213357" class="bracket">
      <type>bracket</type>
      <size>
        <w>257.48124999999993</w>
        <h>234.6</h>
      </size>
    </object>
    <object id="74" type="image" x="-117028.3" y="71190.45" r="42.11284165883644" s="0.5076493611506914">
      <source w="113" h="168">
        lupa.jpg
        <url>lupa.jpg</url>
      </source>
    </object>
    <object id="67" type="label" x="-117087.75" y="71072.5" r="0" s="1.6597578525543213" class="head">
      <textfield>
        <x>-64.6</x>
        <y>-28.5</y>
        <text>Gestión dedocumentos</text>
        <htmlText>
          <P ALIGN="CENTER">
            <FONT FACE="LiberationSerif-Bold" SIZE="24" COLOR="#270066" LETTERSPACING="0" KERNING="0">Gestión de</FONT>
          </P>
          <P ALIGN="CENTER">
            <FONT FACE="LiberationSerif-Bold" SIZE="24" COLOR="#270066" LETTERSPACING="0" KERNING="0">documentos</FONT>
          </P>
        </htmlText>
        <w>129.2</w>
        <h>57</h>
      </textfield>
    </object>
    <object id="75" type="label" x="-116992.95" y="71155.25" r="42.1126112089628" s="0.20541741779869904" class="strong">
      <textfield>
        <x>-141.7</x>
        <y>-15.25</y>
        <text>Supervisión de documentos</text>
        <htmlText>
          <P ALIGN="LEFT">
            <FONT FACE="LiberationSerif-Bold" SIZE="24" COLOR="#FF5D00" LETTERSPACING="0" KERNING="0">Supervisión de documentos</FONT>
          </P>
        </htmlText>
      </textfield>
    </object>
    <object id="78" type="shape" x="-117470.95" y="71292.45" r="-30.062741967656745" s="0.5885526237538112" class="line2">
      <geom type="arrow">
        <sp>-58.799997550791915 -19.15</sp>
        <ep>58.799997550791915 -19.15</ep>
        <b>38.3</b>
        <t>8</t>
      </geom>
    </object>
    <object id="80" type="button" x="-117182.15" y="71190.5" r="0" s="0.9326961636543274" class="circle">
      <type>circle</type>
      <size>
        <w>113.8</w>
        <h>113.8</h>
      </size>
    </object>
    <object id="79" type="label" x="-117182.2" y="71190.45" r="0" s="0.5790836215019226" class="head">
      <textfield>
        <x>-72.3</x>
        <y>-41.75</y>
        <text>Editor de textoy plantillas</text>
        <htmlText>
          <P ALIGN="CENTER">
            <FONT FACE="LiberationSerif-Bold" SIZE="24" COLOR="#270066" LETTERSPACING="0" KERNING="0">Editor de texto</FONT>
          </P>
          <P ALIGN="CENTER">
            <FONT FACE="LiberationSerif-Bold" SIZE="24" COLOR="#270066" LETTERSPACING="0" KERNING="0">y plantillas</FONT>
          </P>
        </htmlText>
        <w>144.6</w>
        <h>83.5</h>
      </textfield>
    </object>
    <object id="81" type="button" x="-117606.1" y="71659.5" r="5.502420952065372" s="2.6935940682428865" class="circle">
      <type>circle</type>
      <size>
        <w>146.825</w>
        <h>146.825</h>
      </size>
    </object>
    <object id="89" type="image" x="-117606.1" y="71650.85" r="0.7506314217784986" s="0.7086842262406213">
      <source w="348" h="325">
        calendario.png
        <url>calendario.png</url>
        <mask x="0" y="0" w="341" h="312"/>
      </source>
    </object>
    <object id="90" type="label" x="-117630.8" y="71580.1" r="-9.005976586267225" s="1.1588772346460203" class="strong">
      <textfield>
        <x>-41.25</x>
        <y>-15.25</y>
        <text>Agenda</text>
        <htmlText>
          <P ALIGN="LEFT">
            <FONT FACE="LiberationSerif-Bold" SIZE="24" COLOR="#FF5D00" LETTERSPACING="0" KERNING="0">Agenda</FONT>
          </P>
        </htmlText>
      </textfield>
    </object>
    <object id="91" type="button" x="-117108" y="71277.95" r="0" s="1.3229902982711792" class="circle">
      <type>circle</type>
      <size>
        <w>72.25</w>
        <h>72.25</h>
      </size>
    </object>
    <object id="92" type="label" x="-117107.1" y="71276.55" r="0" s="0.47089263796806335" class="head">
      <textfield>
        <x>-63.25</x>
        <y>-28.5</y>
        <text>Modelos dedocumentos</text>
        <htmlText>
          <P ALIGN="LEFT">
            <FONT FACE="LiberationSerif-Bold" SIZE="24" COLOR="#270066" LETTERSPACING="0" KERNING="0">Modelos de</FONT>
          </P>
          <P ALIGN="LEFT">
            <FONT FACE="LiberationSerif-Bold" SIZE="24" COLOR="#270066" LETTERSPACING="0" KERNING="0">documentos</FONT>
          </P>
        </htmlText>
      </textfield>
    </object>
    <object id="93" type="label" x="-117107.15" y="71300.75" r="0" s="0.15072596073150635" class="strong">
      <textfield>
        <x>-219.25</x>
        <y>-15.25</y>
        <text>Creación de documentos automaticamente</text>
        <htmlText>
          <P ALIGN="LEFT">
            <FONT FACE="LiberationSerif-Bold" SIZE="24" COLOR="#FF5D00" LETTERSPACING="0" KERNING="0">Creación de documentos automaticamente</FONT>
          </P>
        </htmlText>
      </textfield>
    </object>
    <object id="96" type="button" x="-118132.35" y="71175.4" r="5.502457507111497" s="2.6927283607607446" class="circle">
      <type>circle</type>
      <size>
        <w>146.825</w>
        <h>146.825</h>
      </size>
    </object>
    <object id="101" type="button" x="-118132.4" y="71061.8" r="38.59720909386388" s="0.8994281034878139" class="bracket">
      <type>bracket</type>
      <size>
        <w>99.4</w>
        <h>34.95</h>
      </size>
    </object>
    <object id="99" type="label" x="-118131" y="71060.75" r="38.59696463115742" s="0.5880496211950524" class="strong">
      <textfield>
        <x>-71.5</x>
        <y>-15.25</y>
        <text>Enlaces útiles</text>
        <htmlText>
          <P ALIGN="LEFT">
            <FONT FACE="LiberationSerif-Bold" SIZE="24" COLOR="#FF5D00" LETTERSPACING="0" KERNING="0">Enlaces útiles</FONT>
          </P>
        </htmlText>
      </textfield>
    </object>
    <object id="102" type="button" x="-118186.25" y="71258.15" r="-54.41650929416911" s="0.9006772330800114" class="bracket">
      <type>bracket</type>
      <size>
        <w>142.40000000000003</w>
        <h>39.17500000000001</h>
      </size>
    </object>
    <object id="100" type="label" x="-118186.35" y="71258.2" r="-54.41662477515334" s="0.7583671514780206" class="strong">
      <textfield>
        <x>-79.85</x>
        <y>-15.25</y>
        <text>Jurisprudencia</text>
        <htmlText>
          <P ALIGN="LEFT">
            <FONT FACE="LiberationSerif-Bold" SIZE="24" COLOR="#FF5D00" LETTERSPACING="0" KERNING="0">Jurisprudencia</FONT>
          </P>
        </htmlText>
      </textfield>
    </object>
    <object id="103" type="button" x="-118186.25" y="71152.9" r="0" s="0.5036881566047668" class="bracket">
      <type>bracket</type>
      <size>
        <w>227</w>
        <h>157</h>
      </size>
    </object>
    <object id="104" type="label" x="-118186.15" y="71115.45" r="0" s="0.5809047222137451" class="strong">
      <textfield>
        <x>-47.9</x>
        <y>-15.25</y>
        <text>Reportes</text>
        <htmlText>
          <P ALIGN="LEFT">
            <FONT FACE="LiberationSerif-Bold" SIZE="24" COLOR="#FF5D00" LETTERSPACING="0" KERNING="0">Reportes</FONT>
          </P>
        </htmlText>
      </textfield>
    </object>
    <object id="105" type="label" x="-118189.85" y="71152.9" r="0" s="0.41492727398872375" class="head">
      <textfield>
        <x>-112.8</x>
        <y>-68.25</y>
        <text>Tareas pendientesProcesosPersonasGastosRecorrido</text>
        <htmlText>
          <P ALIGN="left">
            <LI>
              <FONT FACE="LiberationSerif-Bold" SIZE="24" COLOR="#270066" LETTERSPACING="0" KERNING="0">Tareas pendientes</FONT>
            </LI>
          </P>
          <P ALIGN="left">
            <LI>
              <FONT FACE="LiberationSerif-Bold" SIZE="24" COLOR="#270066" LETTERSPACING="0" KERNING="0">Procesos</FONT>
            </LI>
          </P>
          <P ALIGN="left">
            <LI>
              <FONT FACE="LiberationSerif-Bold" SIZE="24" COLOR="#270066" LETTERSPACING="0" KERNING="0">Personas</FONT>
            </LI>
          </P>
          <P ALIGN="left">
            <LI>
              <FONT FACE="LiberationSerif-Bold" SIZE="24" COLOR="#270066" LETTERSPACING="0" KERNING="0">Gastos</FONT>
            </LI>
          </P>
          <P ALIGN="left">
            <LI>
              <FONT FACE="LiberationSerif-Bold" SIZE="24" COLOR="#270066" LETTERSPACING="0" KERNING="0">Recorrido</FONT>
            </LI>
          </P>
        </htmlText>
      </textfield>
    </object>
    <object id="107" type="label" x="-118132.4" y="70992.4" r="0" s="1.1618256568908691" class="body">
      <textfield>
        <x>-50.05</x>
        <y>-16.4</y>
        <text>Además...</text>
        <htmlText>
          <P ALIGN="LEFT">
            <FONT FACE="calluna-regular" SIZE="24" COLOR="#FFFFFF" LETTERSPACING="0" KERNING="0">Además...</FONT>
          </P>
        </htmlText>
      </textfield>
    </object>
    <object id="114" type="label" x="-137729.35" y="66695.85" r="0" s="0.6048550009727478" class="body">
      <textfield>
        <x>-291</x>
        <y>-16.4</y>
        <text>Flexibilidad para adaptarse a las necesidades de su estudio</text>
        <htmlText>
          <P ALIGN="LEFT">
            <FONT FACE="calluna-regular" SIZE="24" COLOR="#FFFFFF" LETTERSPACING="0" KERNING="0">Flexibilidad para adaptarse a las necesidades de su estudio</FONT>
          </P>
        </htmlText>
      </textfield>
    </object>
    <object id="0" type="image" x="-116808.85" y="61412.5" r="0" s="6.069215774536133">
      <source w="1167" h="632">
        hoja.JPG
        <url>hoja.JPG</url>
        <mask x="251" y="0" w="841" h="632"/>
      </source>
    </object>
    <object id="2" type="label" x="-112455.8" y="60891.15" r="0" s="13.477503776550293" class="body">
      <textfield>
        <x>-18.05</x>
        <y>-16.4</y>
        <text>Ser</text>
        <htmlText>
          <P ALIGN="LEFT">
            <FONT FACE="calluna-regular" SIZE="24" COLOR="#FFFFFF" LETTERSPACING="0" KERNING="0">Ser</FONT>
          </P>
        </htmlText>
      </textfield>
    </object>
    <object id="4" type="button" x="-115716.55" y="59961.25" r="0" s="14.312495231628418">
      <type>invisible</type>
      <size>
        <w>137.5</w>
        <h>40</h>
      </size>
    </object>
    <object id="3" type="label" x="-115702.25" y="59937.65" r="0" s="13.477503776550293" class="head">
      <textfield>
        <x>-47.9</x>
        <y>-15.25</y>
        <text>Servicios</text>
        <htmlText>
          <P ALIGN="LEFT">
            <FONT FACE="LiberationSerif-Bold" SIZE="24" COLOR="#270066" LETTERSPACING="0" KERNING="0">Servicios</FONT>
          </P>
        </htmlText>
      </textfield>
    </object>
    <object id="7" type="button" x="-117973.95" y="63092.75" r="0" s="14.824817657470703" class="roundrect">
      <type>roundrect</type>
      <size>
        <w>160.35</w>
        <h>34.949999999999974</h>
      </size>
    </object>
    <object id="8" type="label" x="-118482.35" y="63170.3" r="0" s="9.626787185668945" class="head">
      <textfield>
        <x>-60.9</x>
        <y>-15.25</y>
        <text>Acceso web</text>
        <htmlText>
          <P ALIGN="LEFT">
            <FONT FACE="LiberationSerif-Bold" SIZE="24" COLOR="#270066" LETTERSPACING="0" KERNING="0">Acceso web</FONT>
          </P>
        </htmlText>
      </textfield>
    </object>
    <object id="9" type="label" x="-116847.2" y="63096.2" r="-90.00285636287703" s="0.6523003586291896" class="head">
      <textfield>
        <x>-334.15</x>
        <y>-55</y>
        <text>Sin inversión en infraestructura tecnológica. Actualizaciónes constantes de índole legal, tecnológico. Evolución Continua de la Aplicación, con un servicio de Soporte y Asistencia. Disponibilidad de la información garantizada.</text>
        <htmlText>
          <P ALIGN="JUSTIFY">
            <FONT FACE="LiberationSerif-Bold" SIZE="24" COLOR="#270066" LETTERSPACING="0" KERNING="0">Sin inversión en infraestructura tecnológica. Actualizaciónes constantes de índole legal, tecnológico. Evolución Continua de la Aplicación, con un servicio de Soporte y Asistencia. Disponibilidad de la información garantizada.</FONT>
          </P>
        </htmlText>
        <w>668.3</w>
        <h>110</h>
      </textfield>
    </object>
    <object id="6" type="image" x="-118698.75" y="61881.75" r="0" s="13.796287536621094">
      <source w="85" h="99">
        hombrecito.JPG
        <url>hombrecito.JPG</url>
      </source>
    </object>
    <object id="10" type="button" x="-117358.6" y="62562.1" r="0" s="14.824817657470703" class="roundrect">
      <type>roundrect</type>
      <size>
        <w>158.45</w>
        <h>33.04999999999997</h>
      </size>
    </object>
    <object id="11" type="label" x="-117641.3" y="62625.6" r="0" s="9.626787185668945" class="head">
      <textfield>
        <x>-82.55</x>
        <y>-15.25</y>
        <text>Personalización</text>
        <htmlText>
          <P ALIGN="LEFT">
            <FONT FACE="LiberationSerif-Bold" SIZE="24" COLOR="#270066" LETTERSPACING="0" KERNING="0">Personalización</FONT>
          </P>
        </htmlText>
      </textfield>
    </object>
    <object id="15" type="label" x="-116233.75" y="62564.85" r="-90.00142818143941" s="0.65230035802125" class="head">
      <textfield>
        <x>-344.15</x>
        <y>-15.25</y>
        <text>Desarrollos a medida y Traspaso de datos de antiguas aplicaciones.</text>
        <htmlText>
          <P ALIGN="LEFT">
            <FONT FACE="LiberationSerif-Bold" SIZE="24" COLOR="#270066" LETTERSPACING="0" KERNING="0">Desarrollos a medida y Traspaso de datos de antiguas aplicaciones.</FONT>
          </P>
        </htmlText>
      </textfield>
    </object>
    <object id="17" type="button" x="-116770.55" y="62047.1" r="0" s="14.824817657470703" class="roundrect">
      <type>roundrect</type>
      <size>
        <w>158.45</w>
        <h>33.04999999999997</h>
      </size>
    </object>
    <object id="18" type="label" x="-116920.15" y="62110.85" r="0" s="9.626787185668945" class="head">
      <textfield>
        <x>-96.45</x>
        <y>-15.25</y>
        <text>Atención al cliente</text>
        <htmlText>
          <P ALIGN="LEFT">
            <FONT FACE="LiberationSerif-Bold" SIZE="24" COLOR="#270066" LETTERSPACING="0" KERNING="0">Atención al cliente</FONT>
          </P>
        </htmlText>
      </textfield>
    </object>
    <object id="19" type="label" x="-115637.05" y="62074.3" r="-90" s="0.6523003578186035" class="head">
      <textfield>
        <x>-306.5</x>
        <y>-28.5</y>
        <text>Soporte a cargo de Profesionales altamente cualificados.Asesoramiento para la instalacionzz</text>
        <htmlText>
          <P ALIGN="left">
            <LI>
              <FONT FACE="LiberationSerif-Bold" SIZE="24" COLOR="#270066" LETTERSPACING="0" KERNING="0">Soporte a cargo de Profesionales altamente cualificados.</FONT>
            </LI>
          </P>
          <P ALIGN="left">
            <LI>
              <FONT FACE="LiberationSerif-Bold" SIZE="24" COLOR="#270066" LETTERSPACING="0" KERNING="0">Asesoramiento para la instalacionzz</FONT>
            </LI>
          </P>
        </htmlText>
      </textfield>
    </object>
    <object id="21" type="button" x="-116252.15" y="61498.4" r="0" s="14.824817657470703" class="roundrect">
      <type>roundrect</type>
      <size>
        <w>158.45</w>
        <h>33.04999999999997</h>
      </size>
    </object>
    <object id="22" type="label" x="-116252.15" y="61582.4" r="0" s="9.626787185668945" class="head">
      <textfield>
        <x>-119.8</x>
        <y>-15.25</y>
        <text>Cursos de capacitación</text>
        <htmlText>
          <P ALIGN="LEFT">
            <FONT FACE="LiberationSerif-Bold" SIZE="24" COLOR="#270066" LETTERSPACING="0" KERNING="0">Cursos de capacitación</FONT>
          </P>
        </htmlText>
      </textfield>
    </object>
    <object id="16" type="button" x="-118024.8" y="71152.9" r="0" s="0.5872459411621094" class="bracket">
      <type>bracket</type>
      <size>
        <w>208</w>
        <h>64</h>
      </size>
    </object>
    <object id="30" type="label" x="-118024.85" y="71152.9" r="0" s="0.5809047222137451" class="strong">
      <textfield>
        <x>-100.2</x>
        <y>-15.25</y>
        <text>Correo Electrónico</text>
        <htmlText>
          <P ALIGN="LEFT">
            <FONT FACE="LiberationSerif-Bold" SIZE="24" COLOR="#FF5D00" LETTERSPACING="0" KERNING="0">Correo Electrónico</FONT>
          </P>
        </htmlText>
      </textfield>
    </object>
    <object id="33" type="button" x="-118059.6" y="71232.1" r="-141.14274358657505" s="0.7317000994780183" class="bracket">
      <type>bracket</type>
      <size>
        <w>175</w>
        <h>48.5</h>
      </size>
    </object>
    <object id="31" type="label" x="-118059.6" y="71232.1" r="-141.14320038290074" s="0.5709198690822073" class="strong">
      <textfield>
        <x>-102.45</x>
        <y>-15.25</y>
        <text>Gestión de usuarios</text>
        <htmlText>
          <P ALIGN="LEFT">
            <FONT FACE="LiberationSerif-Bold" SIZE="24" COLOR="#FF5D00" LETTERSPACING="0" KERNING="0">Gestión de usuarios</FONT>
          </P>
        </htmlText>
      </textfield>
    </object>
    <object id="5" type="label" x="-738524.45" y="-111592.9" r="0" s="3091.373291015625" class="head">
      <textfield>
        <x>-133.8</x>
        <y>-15.25</y>
        <text>Descargelo gratis desde ...</text>
        <htmlText>
          <P ALIGN="LEFT">
            <FONT FACE="LiberationSerif-Bold" SIZE="24" COLOR="#270066" LETTERSPACING="0" KERNING="0">Descargelo gratis desde ...</FONT>
          </P>
        </htmlText>
      </textfield>
    </object>
    <object id="38" type="label" x="0" y="1.95" r="0" s="11875.8193359375" class="strong">
      <textfield>
        <x>-98.5</x>
        <y>-15.25</y>
        <text>www.sapienter.org</text>
        <htmlText>
          <P ALIGN="LEFT">
            <FONT FACE="LiberationSerif-Bold" SIZE="24" COLOR="#FF5D00" LETTERSPACING="0" KERNING="0">www.sapienter.org</FONT>
          </P>
        </htmlText>
      </textfield>
    </object>
    <object id="39" type="shape" x="-121877.8" y="65678.05" r="-21.06937923863321" s="24.825803138924183" class="line2">
      <geom type="arrow">
        <sp>-126.0004066554428 -22.99999952883112</sp>
        <ep>126.0004066554428 -22.99999952883112</ep>
        <b>45.99999905766224</b>
        <t>8</t>
      </geom>
    </object>
    <object id="40" type="shape" x="-121601.05" y="67466.05" r="12.019231111764197" s="24.8196980676275" class="line2">
      <geom type="arrow">
        <sp>-145.65680122219996 21.18945036723407</sp>
        <ep>145.6568012222 21.18945036723407</ep>
        <b>-42.37890073446814</b>
        <t>8</t>
      </geom>
    </object>
    <object id="57" type="button" x="-7833.65" y="-82332.85" r="0" s="17.93869972229004" class="bracket">
      <type>bracket</type>
      <size>
        <w>533</w>
        <h>234</h>
      </size>
    </object>
    <object id="44" type="image" x="-10253.7" y="-82298.75" r="0" s="6.791074752807617">
      <source w="600" h="600">
        mazelostiStock_000008226295Small-resized-600.jpg.png
        <url>mazelostiStock_000008226295Small-resized-600.jpg.png</url>
        <mask x="0" y="83" w="600" h="517"/>
      </source>
    </object>
    <object id="48" type="image" x="-5403.1" y="-82298.75" r="0" s="15.671711921691895">
      <source w="260" h="227">
        laberinto-en-tu-empresa.jpg
        <url>laberinto-en-tu-empresa.jpg</url>
      </source>
    </object>
    <object id="51" type="image" x="-5404" y="-83666.1" r="0" s="3.7075822353363037">
      <source w="785" h="179">
        Logo.jpg
        <url>Logo.jpg</url>
      </source>
    </object>
    <object id="49" type="label" x="-10254.6" y="-83791.05" r="0" s="26.406198501586914" class="head">
      <textfield>
        <x>-31.25</x>
        <y>-15.25</y>
        <text>Otros</text>
        <htmlText>
          <P ALIGN="LEFT">
            <FONT FACE="LiberationSerif-Bold" SIZE="24" COLOR="#270066" LETTERSPACING="0" KERNING="0">Otros</FONT>
          </P>
        </htmlText>
      </textfield>
    </object>
  </zui-table>
  <path>
    <o>23</o>
    <o>32</o>
    <o>24</o>
    <o>25</o>
    <o>27</o>
    <o>26</o>
    <o>35</o>
    <o>45</o>
    <o>37</o>
    <o>36</o>
    <o>52</o>
    <o>53</o>
    <o>54</o>
    <o>55</o>
    <o>62</o>
    <o>67</o>
    <o>65</o>
    <o>80</o>
    <o>91</o>
    <o>89</o>
    <o>107</o>
    <o>99</o>
    <o>104</o>
    <o>103</o>
    <o>100</o>
    <o>20</o>
    <o>0</o>
    <o>3</o>
    <o>8</o>
    <o>9</o>
    <o>11</o>
    <o>15</o>
    <o>18</o>
    <o>19</o>
    <o>22</o>
    <o>0</o>
    <o>38</o>
    <o>57</o>
  </path>
  <style type="text/css"><![CDATA[
@font-face
{
	src: url('LiberationSerif-Bold.swf');
	fontFamily: head;
}

@font-face
{
	src: url('calluna-regular.swf');
	fontFamily: body;
}

@font-face
{
	src: url('LiberationSerif-Bold.swf');
	fontFamily: strong;
}

ZLabel
{
	padding: 1.2;
}

ZLabel.head
{
	color: #270066;
	fontFamily: head;
}

.line5
{
	gradStartColor: #270066;
	gradEndColor: #270066;
	color: #270066;
}

.poly5
{
	borderColor: #270066;
}

ZLabel.strong
{
	color: #ff5d00;
	fontFamily: strong;
}

.line1
{
	gradStartColor: #ff5d00;
	gradEndColor: #ff5d00;
	color: #ff5d00;
}

.poly1
{
	borderColor: #ff5d00;
}

ZLabel.body
{
	color: #fff;
	fontFamily: body;
}

Background
{
	gradEnd: #fff;
	gradStart: #fff;
}

Grid
{
	color: #ddd;
}

ZFrame.circle
{
	gradStartColor: #447aaa;
	gradEndColor: #003666;
	borderThickness: 0;
	borderColor: #669ccc;
}

.line4
{
	gradStartColor: #003666;
	gradEndColor: #003666;
	color: #003666;
}

.poly4
{
	borderColor: #003666;
}

ZFrame.bracket
{
	gradStartColor: #ffa144;
	gradEndColor: #ff5d00;
	borderThickness: 0;
	borderColor: #ffc366;
}

.line2
{
	gradStartColor: #ff5d00;
	gradEndColor: #ff5d00;
	color: #ff5d00;
}

.poly2
{
	borderColor: #ff5d00;
}

ZFrame.roundrect
{
	gradStartColor: #ff7f22;
	gradEndColor: #ff5d00;
	borderThickness: 0;
	borderColor: #ffc366;
}

ZPoly
{
	lockTintAlpha: 0.75;
	gradEndColor: #288acc;
	borderThickness: 2;
	radius: 0;
	borderColor: #288acc;
	gradStartColor: #288acc;
	thickness: 100;
	gradEndAlpha: 0.4;
	borderAlpha: 0.7;
	gradStartAlpha: 0.2;
}

ZCircle
{
	lockTintAlpha: 0.75;
	gradEndColor: #288acc;
	borderThickness: 2;
	radius: 0;
	borderColor: #288acc;
	gradStartColor: #288acc;
	thickness: 100;
	gradEndAlpha: 0.4;
	borderAlpha: 0.7;
	gradStartAlpha: 0.2;
}

ZArrow
{
	gradStartColor: #003666;
	gradEndColor: #003666;
	borderThickness: 0;
	borderColor: #4c82b2;
}

.line3
{
	gradStartColor: #003666;
	gradEndColor: #003666;
	color: #003666;
}

.poly3
{
	borderColor: #003666;
}

ZLine
{
	color: #003666;
}

ZCurveLine
{
	color: #003666;
}

ZMarker
{
	alpha: 0.3;
	color: #288acc;
	thickness: 25;
}

ZPath
{
	thickness: 3;
	textColor: #fff;
	color: #40abe6;
	alpha: 1;
}

ZPath Ball.base
{
	radius: 12;
	fillColor: #40abe6;
	alpha: 1;
}

ZPath Ball.mid
{
	radius: 8;
	fillColor: #40abe6;
	alpha: .5;
}

ZVideo
{
	padding: 1.2;
}

]]></style>
  <hash>83c84089d9f0af82de9b44ce6fc4f01e</hash>
  <sync>
    <oid>UNKNOWN</oid>
    <hash>UNKNOWN</hash>
  </sync>
  <config>aJxZzY+9qGS60wAbC6UB0J5WVEgZJdskMw==</config>
</zuiprezi>