<zuiprezi>
  <version>3</version>
  <zui-table>
    <settings>
      <autoplay>
        <delay>4000</delay>
      </autoplay>
      <bounds x="-592856.2982788086" y="-256559.8676261902" width="1258165.799128723" height="658175.7821128846"/>
    </settings>
    <object id="13" type="image" x="505688.3" y="295712.15" r="0" s="334.32427978515625">
      <source w="1167" h="632">
        hoja.JPG
        <url>hoja.JPG</url>
        <mask x="251" y="0" w="841" h="632"/>
      </source>
    </object>
    <object id="23" type="button" x="-175554.55" y="-56363.35" r="0" s="1361.3060302734375" class="bracket">
      <type>bracket</type>
      <size>
        <w>613</w>
        <h>182</h>
      </size>
    </object>
    <object id="20" type="image" x="-171343.6" y="-56255.55" r="0" s="908.57080078125">
      <source w="830" h="194">
        LogoSapienter.jpg
        <url>LogoSapienter.jpg</url>
      </source>
    </object>
    <object id="0" type="label" x="-193914.8" y="-232291.35" r="0" s="26.223217010498047" class="head">
      <textfield>
        <x>-86.1</x>
        <y>-28.5</y>
        <text>Único centradoen el cliente</text>
        <htmlText>
          <P ALIGN="CENTER">
            <FONT FACE="LiberationSerif-Bold" SIZE="24" COLOR="#270066" LETTERSPACING="0" KERNING="0">Único centrado</FONT>
          </P>
          <P ALIGN="CENTER">
            <FONT FACE="LiberationSerif-Bold" SIZE="24" COLOR="#270066" LETTERSPACING="0" KERNING="0">en el cliente</FONT>
          </P>
        </htmlText>
        <w>172.25</w>
        <h>57</h>
      </textfield>
    </object>
    <object id="1" type="label" x="-159602" y="-255591.1" r="0" s="51.39730453491211" class="strong">
      <textfield>
        <x>-64.2</x>
        <y>-15.25</y>
        <text>Más flexible</text>
        <htmlText>
          <P ALIGN="LEFT">
            <FONT FACE="LiberationSerif-Bold" SIZE="24" COLOR="#FF5D00" LETTERSPACING="0" KERNING="0">Más flexible</FONT>
          </P>
        </htmlText>
      </textfield>
    </object>
    <object id="2" type="label" x="-117150.5" y="-233255.9" r="0" s="18.72987174987793" class="strong">
      <textfield>
        <x>-198</x>
        <y>-15.25</y>
        <text>Múltiples usuarios trabajando a la vez</text>
        <htmlText>
          <P ALIGN="LEFT">
            <FONT FACE="LiberationSerif-Bold" SIZE="24" COLOR="#FF5D00" LETTERSPACING="0" KERNING="0">Múltiples usuarios trabajando a la vez</FONT>
          </P>
        </htmlText>
      </textfield>
    </object>
    <object id="4" type="label" x="-94459.2" y="-255878.4" r="0" s="36.71263122558594" class="strong">
      <textfield>
        <x>-70.2</x>
        <y>-15.25</y>
        <text>Más intuitivo</text>
        <htmlText>
          <P ALIGN="LEFT">
            <FONT FACE="LiberationSerif-Bold" SIZE="24" COLOR="#FF5D00" LETTERSPACING="0" KERNING="0">Más intuitivo</FONT>
          </P>
        </htmlText>
      </textfield>
    </object>
    <object id="24" type="label" x="-503357.65" y="-100438.9" r="0" s="42.10579299926758" class="head">
      <textfield>
        <x>-71.35</x>
        <y>-28.5</y>
        <text>Centradoen el cliente</text>
        <htmlText>
          <P ALIGN="CENTER">
            <FONT FACE="LiberationSerif-Bold" SIZE="24" COLOR="#270066" LETTERSPACING="0" KERNING="0">Centrado</FONT>
          </P>
          <P ALIGN="CENTER">
            <FONT FACE="LiberationSerif-Bold" SIZE="24" COLOR="#270066" LETTERSPACING="0" KERNING="0">en el cliente</FONT>
          </P>
        </htmlText>
        <w>142.75</w>
        <h>57</h>
      </textfield>
    </object>
    <object id="25" type="label" x="-397781.65" y="-126476.75" r="0" s="42.10579299926758" class="body">
      <textfield>
        <x>-180.5</x>
        <y>-16.4</y>
        <text>Acceso online desde cualquier lugar</text>
        <htmlText>
          <P ALIGN="LEFT">
            <FONT FACE="calluna-regular" SIZE="24" COLOR="#FFFFFF" LETTERSPACING="0" KERNING="0">Acceso online desde cualquier lugar</FONT>
          </P>
        </htmlText>
      </textfield>
    </object>
    <object id="26" type="label" x="-375815.25" y="-100211.5" r="0" s="42.10579299926758" class="body">
      <textfield>
        <x>-165.55</x>
        <y>-16.4</y>
        <text>Fácil de manejar, fácil de instalar</text>
        <htmlText>
          <P ALIGN="LEFT">
            <FONT FACE="calluna-regular" SIZE="24" COLOR="#FFFFFF" LETTERSPACING="0" KERNING="0">Fácil de manejar, fácil de instalar</FONT>
          </P>
        </htmlText>
      </textfield>
    </object>
    <object id="28" type="button" x="-369391.65" y="-126601.4" r="0" s="126.24519348144531" class="bracket">
      <type>bracket</type>
      <size>
        <w>72.05</w>
        <h>40</h>
      </size>
    </object>
    <object id="27" type="label" x="-369396.9" y="-126454.2" r="0" s="42.10579299926758" class="body">
      <textfield>
        <x>-77.2</x>
        <y>-45.2</y>
        <text>Uselo desde su BlackBerry o Smartphone</text>
        <htmlText>
          <P ALIGN="LEFT">
            <FONT FACE="calluna-regular" SIZE="24" COLOR="#FFFFFF" LETTERSPACING="0" KERNING="0">Uselo desde su BlackBerry o Smartphone</FONT>
          </P>
        </htmlText>
        <w>154.45</w>
        <h>90.4</h>
      </textfield>
    </object>
    <object id="29" type="shape" x="-381425.2" y="-126329.35" r="0" s="55.481483459472656" class="line2">
      <geom type="arrow">
        <sp>-62.73832948885107 0</sp>
        <ep>62.73832948885107 0</ep>
        <t>8</t>
      </geom>
    </object>
    <object id="32" type="label" x="230128.2" y="-22512.3" r="-90.03161114636967" s="84.21077484052734" class="head">
      <textfield>
        <x>-83.5</x>
        <y>-15.25</y>
        <text>Quienes somos?</text>
        <htmlText>
          <P ALIGN="LEFT">
            <FONT FACE="LiberationSerif-Bold" SIZE="24" COLOR="#270066" LETTERSPACING="0" KERNING="0">Quienes somos?</FONT>
          </P>
        </htmlText>
      </textfield>
    </object>
    <object id="34" type="shape" x="449740.75" y="108455" r="32.61496679969784" s="886.3954725291565" class="line2">
      <geom type="arrow">
        <sp>-106.95794700693908 18.2625</sp>
        <ep>106.9579470069391 18.2625</ep>
        <b>-36.525</b>
        <t>8</t>
      </geom>
    </object>
    <object id="113" type="button" x="580120.6" y="215709.95" r="0" s="504.66983778479664">
      <type>invisible</type>
      <size>
        <w>329</w>
        <h>53</h>
      </size>
    </object>
    <object id="35" type="label" x="579592.4" y="215138.2" r="0" s="887.7099609375" class="head">
      <textfield>
        <x>-85.85</x>
        <y>-15.25</y>
        <text>Funcionalidades</text>
        <htmlText>
          <P ALIGN="LEFT">
            <FONT FACE="LiberationSerif-Bold" SIZE="24" COLOR="#270066" LETTERSPACING="0" KERNING="0">Funcionalidades</FONT>
          </P>
        </htmlText>
      </textfield>
    </object>
    <object id="45" type="button" x="451857.6" y="239154" r="0" s="261.7677001953125" class="circle">
      <type>circle</type>
      <size>
        <w>349</w>
        <h>349</h>
      </size>
    </object>
    <object id="36" type="button" x="451857.5" y="239153.95" r="5.742815685912539" s="208.2627696751367" class="circle">
      <type>circle</type>
      <size>
        <w>146.825</w>
        <h>146.825</h>
      </size>
    </object>
    <object id="37" type="label" x="452540.3" y="230367.3" r="0" s="113.22828674316406" class="head">
      <textfield>
        <x>-57.45</x>
        <y>-28.5</y>
        <text>Gestión de personas</text>
        <htmlText>
          <P ALIGN="CENTER">
            <FONT FACE="LiberationSerif-Bold" SIZE="24" COLOR="#270066" LETTERSPACING="0" KERNING="0">Gestión de</FONT>
          </P>
          <P ALIGN="CENTER">
            <FONT FACE="LiberationSerif-Bold" SIZE="24" COLOR="#270066" LETTERSPACING="0" KERNING="0">personas</FONT>
          </P>
        </htmlText>
        <w>114.9</w>
        <h>57</h>
      </textfield>
    </object>
    <object id="77" type="image" x="451851.75" y="239152.7" r="0" s="40.13751220703125">
      <source w="362" h="262">
        diferencia2.jpg
        <url>diferencia2.jpg</url>
      </source>
    </object>
    <object id="12" type="label" x="450847.1" y="246488.55" r="0" s="70.28179168701172" class="strong">
      <textfield>
        <x>-64.5</x>
        <y>-15.25</y>
        <text>Diferenciese</text>
        <htmlText>
          <P ALIGN="LEFT">
            <FONT FACE="LiberationSerif-Bold" SIZE="24" COLOR="#FF5D00" LETTERSPACING="0" KERNING="0">Diferenciese</FONT>
          </P>
        </htmlText>
      </textfield>
    </object>
    <object id="14" type="label" x="460031.85" y="242866.05" r="-26.790666578172072" s="18.29492363866231" class="strong">
      <textfield>
        <x>-110.75</x>
        <y>-15.25</y>
        <text>Fidelice a sus clientes</text>
        <htmlText>
          <P ALIGN="LEFT">
            <FONT FACE="LiberationSerif-Bold" SIZE="24" COLOR="#FF5D00" LETTERSPACING="0" KERNING="0">Fidelice a sus clientes</FONT>
          </P>
        </htmlText>
      </textfield>
    </object>
    <object id="47" type="button" x="451862.85" y="211412.85" r="5.562137194400844" s="148.71021729272556" class="circle">
      <type>circle</type>
      <size>
        <w>146.825</w>
        <h>146.825</h>
      </size>
    </object>
    <object id="55" type="button" x="455703.25" y="214582.95" r="-2.2750969923973333e-15" s="44.735565185546875" class="bracket">
      <type>bracket</type>
      <size>
        <w>154</w>
        <h>64</h>
      </size>
    </object>
    <object id="60" type="image" x="455702.1" y="214583.3" r="-2.0772861457476585e-15" s="12.248884201049805">
      <source w="509" h="137">
        tabla-movimientos.JPG
        <url>tabla-movimientos.JPG</url>
      </source>
    </object>
    <object id="52" type="label" x="451856.95" y="205740.9" r="8.747787303420094e-8" s="91.4285659790039" class="head">
      <textfield>
        <x>-57.85</x>
        <y>-28.5</y>
        <text>Gestión deprocesos</text>
        <htmlText>
          <P ALIGN="CENTER">
            <FONT FACE="LiberationSerif-Bold" SIZE="24" COLOR="#270066" LETTERSPACING="0" KERNING="0">Gestión de</FONT>
          </P>
          <P ALIGN="CENTER">
            <FONT FACE="LiberationSerif-Bold" SIZE="24" COLOR="#270066" LETTERSPACING="0" KERNING="0">procesos</FONT>
          </P>
        </htmlText>
        <w>115.75</w>
        <h>57</h>
      </textfield>
    </object>
    <object id="53" type="label" x="454465.7" y="207183.05" r="-90.2900645273535" s="2.082465632225923" class="head">
      <textfield>
        <x>-139.75</x>
        <y>-15.25</y>
        <text>Judiciales y extrajudiciales</text>
        <htmlText>
          <P ALIGN="LEFT">
            <FONT FACE="LiberationSerif-Bold" SIZE="24" COLOR="#270066" LETTERSPACING="0" KERNING="0">Judiciales y extrajudiciales</FONT>
          </P>
        </htmlText>
      </textfield>
    </object>
    <object id="54" type="label" x="451857.1" y="209927.35" r="0" s="32.65306091308594" class="head">
      <textfield>
        <x>-169.05</x>
        <y>-28.5</y>
        <text>Categorización de procesosGestión de gastos del proceso</text>
        <htmlText>
          <P ALIGN="left">
            <LI>
              <FONT FACE="LiberationSerif-Bold" SIZE="24" COLOR="#270066" LETTERSPACING="0" KERNING="0">Categorización de procesos</FONT>
            </LI>
          </P>
          <P ALIGN="left">
            <LI>
              <FONT FACE="LiberationSerif-Bold" SIZE="24" COLOR="#270066" LETTERSPACING="0" KERNING="0">Gestión de gastos del proceso</FONT>
            </LI>
          </P>
        </htmlText>
      </textfield>
    </object>
    <object id="56" type="label" x="455768.4" y="213253.15" r="0" s="16" class="strong">
      <textfield>
        <x>-124.4</x>
        <y>-15.25</y>
        <text>Gestión de movimientos</text>
        <htmlText>
          <P ALIGN="LEFT">
            <FONT FACE="LiberationSerif-Bold" SIZE="24" COLOR="#FF5D00" LETTERSPACING="0" KERNING="0">Gestión de movimientos</FONT>
          </P>
        </htmlText>
      </textfield>
    </object>
    <object id="58" type="image" x="-170210.25" y="-71272.9" r="0" s="3.6009671688079834">
      <source w="610" h="380">
        grafico3.JPG
        <url>grafico3.JPG</url>
      </source>
    </object>
    <object id="63" type="button" x="448045.25" y="214318.95" r="42.143822210381295" s="33.14706348771177" class="roundrect">
      <type>roundrect</type>
      <size>
        <w>172.025</w>
        <h>53</h>
      </size>
    </object>
    <object id="62" type="label" x="448044.85" y="214318.9" r="42.1438235497323" s="15.9999997572379" class="head">
      <textfield>
        <x>-114.45</x>
        <y>-28.5</y>
        <text>Historial de procesosy movimientos</text>
        <htmlText>
          <P ALIGN="CENTER">
            <FONT FACE="LiberationSerif-Bold" SIZE="24" COLOR="#270066" LETTERSPACING="0" KERNING="0">Historial de procesos</FONT>
          </P>
          <P ALIGN="CENTER">
            <FONT FACE="LiberationSerif-Bold" SIZE="24" COLOR="#270066" LETTERSPACING="0" KERNING="0">y movimientos</FONT>
          </P>
        </htmlText>
        <w>228.9</w>
        <h>57</h>
      </textfield>
    </object>
    <object id="64" type="button" x="479795.05" y="239153.2" r="5.517237285740803" s="148.66371777688747" class="circle">
      <type>circle</type>
      <size>
        <w>146.825</w>
        <h>146.825</h>
      </size>
    </object>
    <object id="65" type="button" x="483930.5" y="239974.95" r="42.11451224163246" s="22.78718573295355" class="bracket">
      <type>bracket</type>
      <size>
        <w>257.48124999999993</w>
        <h>234.6</h>
      </size>
    </object>
    <object id="74" type="image" x="483673" y="239974.55" r="42.11451410878144" s="28.194702415994925">
      <source w="113" h="168">
        lupa.jpg
        <url>lupa.jpg</url>
      </source>
    </object>
    <object id="67" type="label" x="480401.45" y="233481.15" r="0" s="91.42855834960938" class="head">
      <textfield>
        <x>-64.6</x>
        <y>-28.5</y>
        <text>Gestión dedocumentos</text>
        <htmlText>
          <P ALIGN="CENTER">
            <FONT FACE="LiberationSerif-Bold" SIZE="24" COLOR="#270066" LETTERSPACING="0" KERNING="0">Gestión de</FONT>
          </P>
          <P ALIGN="CENTER">
            <FONT FACE="LiberationSerif-Bold" SIZE="24" COLOR="#270066" LETTERSPACING="0" KERNING="0">documentos</FONT>
          </P>
        </htmlText>
        <w>129.2</w>
        <h>57</h>
      </textfield>
    </object>
    <object id="75" type="label" x="485622.65" y="238035.8" r="42.120705979691465" s="11.40992576950908" class="strong">
      <textfield>
        <x>-141.7</x>
        <y>-15.25</y>
        <text>Supervisión de documentos</text>
        <htmlText>
          <P ALIGN="LEFT">
            <FONT FACE="LiberationSerif-Bold" SIZE="24" COLOR="#FF5D00" LETTERSPACING="0" KERNING="0">Supervisión de documentos</FONT>
          </P>
        </htmlText>
      </textfield>
    </object>
    <object id="78" type="shape" x="458079.2" y="246152.45" r="-30.02776869996829" s="32.653062816824566" class="line2">
      <geom type="arrow">
        <sp>-58.799997550791915 -19.15</sp>
        <ep>58.799997550791915 -19.15</ep>
        <b>38.3</b>
        <t>8</t>
      </geom>
    </object>
    <object id="80" type="button" x="476579.65" y="243537.3" r="0" s="51.37806701660156" class="circle">
      <type>circle</type>
      <size>
        <w>113.8</w>
        <h>113.8</h>
      </size>
    </object>
    <object id="79" type="label" x="476579.65" y="243534.7" r="1.5952962261899152e-15" s="31.89932632446289" class="head">
      <textfield>
        <x>-72.3</x>
        <y>-41.75</y>
        <text>Editor de textoy plantillas</text>
        <htmlText>
          <P ALIGN="CENTER">
            <FONT FACE="LiberationSerif-Bold" SIZE="24" COLOR="#270066" LETTERSPACING="0" KERNING="0">Editor de texto</FONT>
          </P>
          <P ALIGN="CENTER">
            <FONT FACE="LiberationSerif-Bold" SIZE="24" COLOR="#270066" LETTERSPACING="0" KERNING="0">y plantillas</FONT>
          </P>
        </htmlText>
        <w>144.6</w>
        <h>83.5</h>
      </textfield>
    </object>
    <object id="81" type="button" x="451850.9" y="265817.95" r="5.505833705663946" s="148.61666775388383" class="circle">
      <type>circle</type>
      <size>
        <w>146.825</w>
        <h>146.825</h>
      </size>
    </object>
    <object id="89" type="image" x="451850.1" y="265337.7" r="0.7890705877651413" s="39.049044545300276">
      <source w="348" h="325">
        calendario.png
        <url>calendario.png</url>
        <mask x="0" y="0" w="341" h="312"/>
      </source>
    </object>
    <object id="90" type="label" x="450485.25" y="261440.05" r="-9.116671292242659" s="63.99999635341374" class="strong">
      <textfield>
        <x>-41.25</x>
        <y>-15.25</y>
        <text>Agenda</text>
        <htmlText>
          <P ALIGN="LEFT">
            <FONT FACE="LiberationSerif-Bold" SIZE="24" COLOR="#FF5D00" LETTERSPACING="0" KERNING="0">Agenda</FONT>
          </P>
        </htmlText>
      </textfield>
    </object>
    <object id="91" type="button" x="479145.3" y="256348.1" r="0" s="142.8400115966797" class="circle">
      <type>circle</type>
      <size>
        <w>73.6</w>
        <h>73.6</h>
      </size>
    </object>
    <object id="92" type="label" x="479146.5" y="254053.1" r="0" s="50.84210968017578" class="head">
      <textfield>
        <x>-63.25</x>
        <y>-28.5</y>
        <text>Modelos dedocumentos</text>
        <htmlText>
          <P ALIGN="LEFT">
            <FONT FACE="LiberationSerif-Bold" SIZE="24" COLOR="#270066" LETTERSPACING="0" KERNING="0">Modelos de</FONT>
          </P>
          <P ALIGN="LEFT">
            <FONT FACE="LiberationSerif-Bold" SIZE="24" COLOR="#270066" LETTERSPACING="0" KERNING="0">documentos</FONT>
          </P>
        </htmlText>
      </textfield>
    </object>
    <object id="93" type="label" x="479144.45" y="256784.75" r="0" s="16.275165557861328" class="head">
      <textfield>
        <x>-219.25</x>
        <y>-15.25</y>
        <text>Creación de documentos automaticamente</text>
        <htmlText>
          <P ALIGN="LEFT">
            <FONT FACE="LiberationSerif-Bold" SIZE="24" COLOR="#270066" LETTERSPACING="0" KERNING="0">Creación de documentos automaticamente</FONT>
          </P>
        </htmlText>
      </textfield>
    </object>
    <object id="94" type="shape" x="471829.85" y="252100.8" r="82.83191170888874" s="63.999999185737686" class="line2">
      <geom type="arrow">
        <sp>-70.1230570140806 -19.425</sp>
        <ep>70.1230570140806 -19.425</ep>
        <b>38.85</b>
        <t>8</t>
      </geom>
    </object>
    <object id="96" type="button" x="422857.85" y="239140.75" r="5.5032202802113686" s="148.5689684193607" class="circle">
      <type>circle</type>
      <size>
        <w>146.825</w>
        <h>146.825</h>
      </size>
    </object>
    <object id="101" type="button" x="426919.55" y="233613.05" r="38.56856386552612" s="69.92106644218919" class="bracket">
      <type>bracket</type>
      <size>
        <w>99.4</w>
        <h>34.95</h>
      </size>
    </object>
    <object id="99" type="label" x="427028.2" y="233531.4" r="38.568564499139434" s="45.71428316714983" class="strong">
      <textfield>
        <x>-71.5</x>
        <y>-15.25</y>
        <text>Enlaces útiles</text>
        <htmlText>
          <P ALIGN="LEFT">
            <FONT FACE="LiberationSerif-Bold" SIZE="24" COLOR="#FF5D00" LETTERSPACING="0" KERNING="0">Enlaces útiles</FONT>
          </P>
        </htmlText>
      </textfield>
    </object>
    <object id="102" type="button" x="422857.45" y="244236" r="-22.972721330828662" s="69.92106427999944" class="bracket">
      <type>bracket</type>
      <size>
        <w>142.40000000000003</w>
        <h>39.17500000000001</h>
      </size>
    </object>
    <object id="100" type="label" x="422856.7" y="244235.7" r="-22.972721516590212" s="58.873906134991785" class="strong">
      <textfield>
        <x>-79.85</x>
        <y>-15.25</y>
        <text>Jurisprudencia</text>
        <htmlText>
          <P ALIGN="LEFT">
            <FONT FACE="LiberationSerif-Bold" SIZE="24" COLOR="#FF5D00" LETTERSPACING="0" KERNING="0">Jurisprudencia</FONT>
          </P>
        </htmlText>
      </textfield>
    </object>
    <object id="103" type="button" x="419892.75" y="238411.95" r="0" s="38.84503173828125" class="bracket">
      <type>bracket</type>
      <size>
        <w>227</w>
        <h>157</h>
      </size>
    </object>
    <object id="104" type="label" x="419892.7" y="235495" r="0" s="45.71428298950195" class="strong">
      <textfield>
        <x>-47.9</x>
        <y>-15.25</y>
        <text>Reportes</text>
        <htmlText>
          <P ALIGN="LEFT">
            <FONT FACE="LiberationSerif-Bold" SIZE="24" COLOR="#FF5D00" LETTERSPACING="0" KERNING="0">Reportes</FONT>
          </P>
        </htmlText>
      </textfield>
    </object>
    <object id="105" type="label" x="419613.8" y="238411.1" r="0" s="32" class="head">
      <textfield>
        <x>-112.8</x>
        <y>-68.25</y>
        <text>Tareas pendientesProcesosPersonasGastosRecorrido</text>
        <htmlText>
          <P ALIGN="left">
            <LI>
              <FONT FACE="LiberationSerif-Bold" SIZE="24" COLOR="#270066" LETTERSPACING="0" KERNING="0">Tareas pendientes</FONT>
            </LI>
          </P>
          <P ALIGN="left">
            <LI>
              <FONT FACE="LiberationSerif-Bold" SIZE="24" COLOR="#270066" LETTERSPACING="0" KERNING="0">Procesos</FONT>
            </LI>
          </P>
          <P ALIGN="left">
            <LI>
              <FONT FACE="LiberationSerif-Bold" SIZE="24" COLOR="#270066" LETTERSPACING="0" KERNING="0">Personas</FONT>
            </LI>
          </P>
          <P ALIGN="left">
            <LI>
              <FONT FACE="LiberationSerif-Bold" SIZE="24" COLOR="#270066" LETTERSPACING="0" KERNING="0">Gastos</FONT>
            </LI>
          </P>
          <P ALIGN="left">
            <LI>
              <FONT FACE="LiberationSerif-Bold" SIZE="24" COLOR="#270066" LETTERSPACING="0" KERNING="0">Recorrido</FONT>
            </LI>
          </P>
        </htmlText>
      </textfield>
    </object>
    <object id="107" type="label" x="422854.75" y="229063.75" r="0" s="63.99998474121094" class="body">
      <textfield>
        <x>-50.05</x>
        <y>-16.4</y>
        <text>Además...</text>
        <htmlText>
          <P ALIGN="LEFT">
            <FONT FACE="calluna-regular" SIZE="24" COLOR="#FFFFFF" LETTERSPACING="0" KERNING="0">Además...</FONT>
          </P>
        </htmlText>
      </textfield>
    </object>
    <object id="114" type="label" x="-373079.85" y="-83003.85" r="0" s="33.3194465637207" class="body">
      <textfield>
        <x>-291</x>
        <y>-16.4</y>
        <text>Flexibilidad para adaptarse a las necesidades de su estudio</text>
        <htmlText>
          <P ALIGN="LEFT">
            <FONT FACE="calluna-regular" SIZE="24" COLOR="#FFFFFF" LETTERSPACING="0" KERNING="0">Flexibilidad para adaptarse a las necesidades de su estudio</FONT>
          </P>
        </htmlText>
      </textfield>
    </object>
  </zui-table>
  <path>
    <o>23</o>
    <o>32</o>
    <o>24</o>
    <o>25</o>
    <o>27</o>
    <o>26</o>
    <o>35</o>
    <o>45</o>
    <o>37</o>
    <o>36</o>
    <o>52</o>
    <o>53</o>
    <o>54</o>
    <o>55</o>
    <o>62</o>
    <o>67</o>
    <o>65</o>
    <o>80</o>
    <o>91</o>
    <o>89</o>
    <o>107</o>
    <o>99</o>
    <o>104</o>
    <o>103</o>
    <o>100</o>
    <o>20</o>
  </path>
  <style type="text/css"><![CDATA[
@font-face
{
	src: url('LiberationSerif-Bold.swf');
	fontFamily: head;
}

@font-face
{
	src: url('calluna-regular.swf');
	fontFamily: body;
}

@font-face
{
	src: url('LiberationSerif-Bold.swf');
	fontFamily: strong;
}

ZLabel
{
	padding: 1.2;
}

ZLabel.head
{
	color: #270066;
	fontFamily: head;
}

.line5
{
	gradStartColor: #270066;
	gradEndColor: #270066;
	color: #270066;
}

.poly5
{
	borderColor: #270066;
}

ZLabel.strong
{
	color: #ff5d00;
	fontFamily: strong;
}

.line1
{
	gradStartColor: #ff5d00;
	gradEndColor: #ff5d00;
	color: #ff5d00;
}

.poly1
{
	borderColor: #ff5d00;
}

ZLabel.body
{
	color: #fff;
	fontFamily: body;
}

Background
{
	gradEnd: #fff;
	gradStart: #fff;
}

Grid
{
	color: #ddd;
}

ZFrame.circle
{
	gradStartColor: #447aaa;
	gradEndColor: #003666;
	borderColor: #669ccc;
	borderThickness: 0;
}

.line4
{
	gradStartColor: #003666;
	gradEndColor: #003666;
	color: #003666;
}

.poly4
{
	borderColor: #003666;
}

ZFrame.bracket
{
	gradStartColor: #ffa144;
	gradEndColor: #ff5d00;
	borderColor: #ffc366;
	borderThickness: 0;
}

ZFrame.roundrect
{
	gradStartColor: #ff7f22;
	gradEndColor: #ff5d00;
	borderColor: #ffc366;
	borderThickness: 0;
}

ZPoly
{
	gradEndAlpha: 0.4;
	gradStartAlpha: 0.2;
	gradEndColor: #288acc;
	borderColor: #288acc;
	borderAlpha: 0.7;
	thickness: 100;
	gradStartColor: #288acc;
	radius: 0;
	lockTintAlpha: 0.75;
	borderThickness: 2;
}

ZCircle
{
	gradEndAlpha: 0.4;
	gradStartAlpha: 0.2;
	gradEndColor: #288acc;
	borderColor: #288acc;
	borderAlpha: 0.7;
	thickness: 100;
	gradStartColor: #288acc;
	radius: 0;
	lockTintAlpha: 0.75;
	borderThickness: 2;
}

ZArrow
{
	gradStartColor: #003666;
	gradEndColor: #003666;
	borderColor: #4c82b2;
	borderThickness: 0;
}

.line3
{
	gradStartColor: #003666;
	gradEndColor: #003666;
	color: #003666;
}

.poly3
{
	borderColor: #003666;
}

ZLine
{
	color: #003666;
}

ZCurveLine
{
	color: #003666;
}

ZMarker
{
	thickness: 25;
	alpha: 0.3;
	color: #288acc;
}

ZPath
{
	thickness: 3;
	textColor: #fff;
	color: #40abe6;
	alpha: 1;
}

ZPath Ball.base
{
	fillColor: #40abe6;
	radius: 12;
	alpha: 1;
}

ZPath Ball.mid
{
	fillColor: #40abe6;
	radius: 8;
	alpha: .5;
}

ZVideo
{
	padding: 1.2;
}

.line2
{
	gradStartColor: #ff5d00;
	gradEndColor: #ff5d00;
	color: #ff5d00;
}

.poly2
{
	borderColor: #ff5d00;
}

]]></style>
  <hash>fa5634669e644ab165dbdac9048795e2</hash>
  <sync>
    <oid>UNKNOWN</oid>
    <hash>UNKNOWN</hash>
  </sync>
  <config>C51jHd62paS2KwAbC6UBTNPmxyr0wbc6QA==</config>
</zuiprezi>